epoch,steps,cosine_pearson,cosine_spearman
1.0,478,0.7917038383599502,0.7791232405835732
2.0,956,0.8177424708167242,0.813836048133752
3.0,1434,0.8210740355772788,0.8124274646147035
4.0,1912,0.8437167587478783,0.830430764702811
5.0,2390,0.8471969958121017,0.83992749586709
6.0,2868,0.8500507187488853,0.8411444868489489
7.0,3346,0.8532349048855176,0.8415979575674317
8.0,3824,0.8531633455271848,0.8421973050646275
